-- ============================================
-- PAYMENT RUN SAMPLE DATA
-- ============================================
-- Sample INSERT statements for testing and development.
-- 
-- Prerequisites:
--   - Run payment-run-database-design.sql first to create the schema
--   - All UUIDs are example values - replace with actual UUIDs in production
--   - All user UUIDs (created_by, updated_by, etc.) should reference actual user records
--
-- Usage:
--   psql -d your_database -f payment-run-sample-data.sql
--
-- ============================================

-- ============================================
-- AP_BANK_ACCOUNT Sample Data
-- ============================================

INSERT INTO ap_bank_account (id, entity_id, account_name, account_number, routing_number, created_by, updated_by, created_at, updated_at)
VALUES 
    ('550e8400-e29b-41d4-a716-446655440001', '100e8400-e29b-41d4-a716-446655440000', 'Operating Account', '1234567890', '021000021', '200e8400-e29b-41d4-a716-446655440000', '200e8400-e29b-41d4-a716-446655440000', now(), now()),
    ('550e8400-e29b-41d4-a716-446655440002', '100e8400-e29b-41d4-a716-446655440000', 'Payroll Account', '0987654321', '021000021', '200e8400-e29b-41d4-a716-446655440000', '200e8400-e29b-41d4-a716-446655440000', now(), now()),
    ('550e8400-e29b-41d4-a716-446655440003', '100e8400-e29b-41d4-a716-446655440001', 'Main Checking', '5555555555', '026009593', '200e8400-e29b-41d4-a716-446655440000', '200e8400-e29b-41d4-a716-446655440000', now(), now())
ON CONFLICT (id) DO NOTHING;

-- ============================================
-- AP_REMITTANCE_MESSAGE_TEMPLATE Sample Data
-- ============================================

INSERT INTO ap_remittance_message_template (id, entity_id, template_name, template_body, created_by, updated_by, created_at, updated_at)
VALUES 
    ('660e8400-e29b-41d4-a716-446655440001', '100e8400-e29b-41d4-a716-446655440000', 'Standard Remittance', 'Payment for invoices: {invoice_numbers}. Thank you for your business.', '200e8400-e29b-41d4-a716-446655440000', '200e8400-e29b-41d4-a716-446655440000', now(), now()),
    ('660e8400-e29b-41d4-a716-446655440002', '100e8400-e29b-41d4-a716-446655440000', 'Detailed Remittance', 'This payment covers the following invoices: {invoice_list}. Payment date: {payment_date}.', '200e8400-e29b-41d4-a716-446655440000', '200e8400-e29b-41d4-a716-446655440000', now(), now())
ON CONFLICT (id) DO NOTHING;

-- ============================================
-- AP_PAYMENT_RUN Sample Data
-- ============================================

INSERT INTO ap_payment_run (id, entity_id, run_number, run_description, run_type, payment_method, bank_account_id, payment_date, remittance_message_template_id, status, prepare_job_execution_id, process_job_execution_id, submitted_at, submitted_by, approved_at, approved_by, created_by, updated_by, created_at, updated_at, row_version)
VALUES 
    ('770e8400-e29b-41d4-a716-446655440001', '100e8400-e29b-41d4-a716-446655440000', 'PR-2024-001', 'Weekly payment run for vendors', 'REGULAR', 'ACH', '550e8400-e29b-41d4-a716-446655440001', '2024-02-15', '660e8400-e29b-41d4-a716-446655440001', 'APPROVED', 1001, 1002, '2024-02-14 10:00:00+00', '200e8400-e29b-41d4-a716-446655440000', '2024-02-14 14:30:00+00', '200e8400-e29b-41d4-a716-446655440000', '200e8400-e29b-41d4-a716-446655440000', '200e8400-e29b-41d4-a716-446655440000', '2024-02-14 09:00:00+00', '2024-02-14 14:30:00+00', 1),
    ('770e8400-e29b-41d4-a716-446655440002', '100e8400-e29b-41d4-a716-446655440000', 'PR-2024-002', 'Emergency payment for critical vendor', 'EMERGENCY', 'WIRE', '550e8400-e29b-41d4-a716-446655440001', '2024-02-16', NULL, 'DRAFT', NULL, NULL, NULL, NULL, NULL, NULL, '200e8400-e29b-41d4-a716-446655440000', '200e8400-e29b-41d4-a716-446655440000', '2024-02-15 11:00:00+00', '2024-02-15 11:00:00+00', 1),
    ('770e8400-e29b-41d4-a716-446655440003', '100e8400-e29b-41d4-a716-446655440000', 'PR-2024-003', 'Check payment run', 'REGULAR', 'CHECK', '550e8400-e29b-41d4-a716-446655440001', '2024-02-20', '660e8400-e29b-41d4-a716-446655440001', 'PROCESSING', 1003, 1004, '2024-02-19 09:00:00+00', '200e8400-e29b-41d4-a716-446655440000', '2024-02-19 10:00:00+00', '200e8400-e29b-41d4-a716-446655440000', '200e8400-e29b-41d4-a716-446655440000', '200e8400-e29b-41d4-a716-446655440000', '2024-02-19 08:00:00+00', '2024-02-19 10:00:00+00', 1)
ON CONFLICT (id) DO NOTHING;

-- ============================================
-- AP_PAYMENT_RUN_INVOICE Sample Data
-- ============================================

INSERT INTO ap_payment_run_invoice (id, entity_id, payment_run_id, invoice_id, assignment_method, assigned_at, assigned_by, included, exclusion_reason, proposal_version, created_by, updated_by, created_at, updated_at)
VALUES 
    ('880e8400-e29b-41d4-a716-446655440001', '100e8400-e29b-41d4-a716-446655440000', '770e8400-e29b-41d4-a716-446655440001', '990e8400-e29b-41d4-a716-446655440001', 'AUTO', '2024-02-14 09:15:00+00', NULL, true, NULL, 1, '200e8400-e29b-41d4-a716-446655440000', '200e8400-e29b-41d4-a716-446655440000', '2024-02-14 09:15:00+00', '2024-02-14 09:15:00+00'),
    ('880e8400-e29b-41d4-a716-446655440002', '100e8400-e29b-41d4-a716-446655440000', '770e8400-e29b-41d4-a716-446655440001', '990e8400-e29b-41d4-a716-446655440002', 'AUTO', '2024-02-14 09:15:00+00', NULL, true, NULL, 1, '200e8400-e29b-41d4-a716-446655440000', '200e8400-e29b-41d4-a716-446655440000', '2024-02-14 09:15:00+00', '2024-02-14 09:15:00+00'),
    ('880e8400-e29b-41d4-a716-446655440003', '100e8400-e29b-41d4-a716-446655440000', '770e8400-e29b-41d4-a716-446655440001', '990e8400-e29b-41d4-a716-446655440003', 'MANUAL', '2024-02-14 09:20:00+00', '200e8400-e29b-41d4-a716-446655440000', true, NULL, 1, '200e8400-e29b-41d4-a716-446655440000', '200e8400-e29b-41d4-a716-446655440000', '2024-02-14 09:20:00+00', '2024-02-14 09:20:00+00'),
    ('880e8400-e29b-41d4-a716-446655440004', '100e8400-e29b-41d4-a716-446655440000', '770e8400-e29b-41d4-a716-446655440001', '990e8400-e29b-41d4-a716-446655440004', 'AUTO', '2024-02-14 09:15:00+00', NULL, false, 'Invoice on hold pending approval', 1, '200e8400-e29b-41d4-a716-446655440000', '200e8400-e29b-41d4-a716-446655440000', '2024-02-14 09:15:00+00', '2024-02-14 09:15:00+00'),
    ('880e8400-e29b-41d4-a716-446655440005', '100e8400-e29b-41d4-a716-446655440000', '770e8400-e29b-41d4-a716-446655440003', '990e8400-e29b-41d4-a716-446655440005', 'AUTO', '2024-02-19 08:15:00+00', NULL, true, NULL, 1, '200e8400-e29b-41d4-a716-446655440000', '200e8400-e29b-41d4-a716-446655440000', '2024-02-19 08:15:00+00', '2024-02-19 08:15:00+00')
ON CONFLICT (id) DO NOTHING;

-- ============================================
-- AP_PAYMENT_REGISTER Sample Data
-- ============================================

INSERT INTO ap_payment_register (id, entity_id, payment_run_id, proposal_version, superseded_at, payment_number, payment_method, payment_date, bank_account_id, vendor_id, vendor_name, vendor_number, remit_address_snapshot, payment_amount, discount_taken, interest_amount, net_amount, payment_status, issued_at, issued_by, voided_at, voided_by, void_reason, row_version, created_by, created_at, updated_by, updated_at)
VALUES 
    ('aa0e8400-e29b-41d4-a716-446655440001', '100e8400-e29b-41d4-a716-446655440000', '770e8400-e29b-41d4-a716-446655440001', 1, NULL, 'PAY-2024-00001', 'ACH', '2024-02-15', '550e8400-e29b-41d4-a716-446655440001', 'bb0e8400-e29b-41d4-a716-446655440001', 'ABC Supplies Inc.', 'VEND-001', '123 Main St, City, State 12345', 15000.0000, 150.0000, 0.0000, 14850.0000, 'ISSUED', '2024-02-15 10:00:00+00', '200e8400-e29b-41d4-a716-446655440000', NULL, NULL, NULL, 1, '200e8400-e29b-41d4-a716-446655440000', '2024-02-14 15:00:00+00', '200e8400-e29b-41d4-a716-446655440000', '2024-02-15 10:00:00+00'),
    ('aa0e8400-e29b-41d4-a716-446655440002', '100e8400-e29b-41d4-a716-446655440000', '770e8400-e29b-41d4-a716-446655440001', 1, NULL, 'PAY-2024-00002', 'ACH', '2024-02-15', '550e8400-e29b-41d4-a716-446655440001', 'bb0e8400-e29b-41d4-a716-446655440002', 'XYZ Corporation', 'VEND-002', '456 Oak Ave, City, State 67890', 8750.5000, 0.0000, 0.0000, 8750.5000, 'APPROVED', NULL, NULL, NULL, NULL, NULL, 1, '200e8400-e29b-41d4-a716-446655440000', '2024-02-14 15:00:00+00', '200e8400-e29b-41d4-a716-446655440000', '2024-02-14 15:00:00+00'),
    ('aa0e8400-e29b-41d4-a716-446655440003', '100e8400-e29b-41d4-a716-446655440000', '770e8400-e29b-41d4-a716-446655440001', 1, NULL, NULL, 'WIRE', '2024-02-15', '550e8400-e29b-41d4-a716-446655440001', 'bb0e8400-e29b-41d4-a716-446655440003', 'Global Services Ltd.', 'VEND-003', '789 Pine Rd, City, State 11111', 25000.0000, 250.0000, 0.0000, 24750.0000, 'DRAFT', NULL, NULL, NULL, NULL, NULL, 1, '200e8400-e29b-41d4-a716-446655440000', '2024-02-14 15:00:00+00', '200e8400-e29b-41d4-a716-446655440000', '2024-02-14 15:00:00+00'),
    ('aa0e8400-e29b-41d4-a716-446655440004', '100e8400-e29b-41d4-a716-446655440000', '770e8400-e29b-41d4-a716-446655440003', 1, NULL, 'PAY-2024-00003', 'CHECK', '2024-02-20', '550e8400-e29b-41d4-a716-446655440001', 'bb0e8400-e29b-41d4-a716-446655440004', 'Local Vendor Co.', 'VEND-004', '321 Elm St, City, State 22222', 5000.0000, 50.0000, 0.0000, 4950.0000, 'ISSUED', '2024-02-19 11:00:00+00', '200e8400-e29b-41d4-a716-446655440000', NULL, NULL, NULL, 1, '200e8400-e29b-41d4-a716-446655440000', '2024-02-19 10:00:00+00', '200e8400-e29b-41d4-a716-446655440000', '2024-02-19 11:00:00+00')
ON CONFLICT (id) DO NOTHING;

-- ============================================
-- AP_PAYMENT_REGISTER_LINE Sample Data
-- ============================================

INSERT INTO ap_payment_register_line (id, entity_id, payment_register_id, invoice_id, invoice_number, invoice_amount, discount_amount, net_amount, created_by, updated_by, created_at, updated_at)
VALUES 
    ('cc0e8400-e29b-41d4-a716-446655440001', '100e8400-e29b-41d4-a716-446655440000', 'aa0e8400-e29b-41d4-a716-446655440001', '990e8400-e29b-41d4-a716-446655440001', 'INV-2024-001', 10000.0000, 100.0000, 9900.0000, '200e8400-e29b-41d4-a716-446655440000', '200e8400-e29b-41d4-a716-446655440000', '2024-02-14 15:30:00+00', '2024-02-14 15:30:00+00'),
    ('cc0e8400-e29b-41d4-a716-446655440002', '100e8400-e29b-41d4-a716-446655440000', 'aa0e8400-e29b-41d4-a716-446655440001', '990e8400-e29b-41d4-a716-446655440002', 'INV-2024-002', 5000.0000, 50.0000, 4950.0000, '200e8400-e29b-41d4-a716-446655440000', '200e8400-e29b-41d4-a716-446655440000', '2024-02-14 15:30:00+00', '2024-02-14 15:30:00+00'),
    ('cc0e8400-e29b-41d4-a716-446655440003', '100e8400-e29b-41d4-a716-446655440000', 'aa0e8400-e29b-41d4-a716-446655440002', '990e8400-e29b-41d4-a716-446655440003', 'INV-2024-003', 8750.5000, 0.0000, 8750.5000, '200e8400-e29b-41d4-a716-446655440000', '200e8400-e29b-41d4-a716-446655440000', '2024-02-14 15:30:00+00', '2024-02-14 15:30:00+00'),
    ('cc0e8400-e29b-41d4-a716-446655440004', '100e8400-e29b-41d4-a716-446655440000', 'aa0e8400-e29b-41d4-a716-446655440003', '990e8400-e29b-41d4-a716-446655440004', 'INV-2024-004', 15000.0000, 150.0000, 14850.0000, '200e8400-e29b-41d4-a716-446655440000', '200e8400-e29b-41d4-a716-446655440000', '2024-02-14 15:30:00+00', '2024-02-14 15:30:00+00'),
    ('cc0e8400-e29b-41d4-a716-446655440005', '100e8400-e29b-41d4-a716-446655440000', 'aa0e8400-e29b-41d4-a716-446655440003', NULL, 'INV-2024-005', 10000.0000, 100.0000, 9900.0000, '200e8400-e29b-41d4-a716-446655440000', '200e8400-e29b-41d4-a716-446655440000', '2024-02-14 15:30:00+00', '2024-02-14 15:30:00+00'),
    ('cc0e8400-e29b-41d4-a716-446655440006', '100e8400-e29b-41d4-a716-446655440000', 'aa0e8400-e29b-41d4-a716-446655440004', '990e8400-e29b-41d4-a716-446655440005', 'INV-2024-006', 5000.0000, 50.0000, 4950.0000, '200e8400-e29b-41d4-a716-446655440000', '200e8400-e29b-41d4-a716-446655440000', '2024-02-19 10:30:00+00', '2024-02-19 10:30:00+00')
ON CONFLICT (id) DO NOTHING;

-- ============================================
-- AP_PAYMENT_RUN_JOB Sample Data
-- ============================================

INSERT INTO ap_payment_run_job (id, entity_id, payment_run_id, job_type, job_execution_id, status, started_at, ended_at, exit_code, exit_message, created_by, created_at, updated_by, updated_at)
VALUES 
    ('dd0e8400-e29b-41d4-a716-446655440001', '100e8400-e29b-41d4-a716-446655440000', '770e8400-e29b-41d4-a716-446655440001', 'PROPOSAL_GENERATION', 1001, 'COMPLETED', '2024-02-14 09:30:00+00', '2024-02-14 10:00:00+00', 'COMPLETED', 'Proposal generated successfully', '200e8400-e29b-41d4-a716-446655440000', '2024-02-14 09:30:00+00', '200e8400-e29b-41d4-a716-446655440000', '2024-02-14 10:00:00+00'),
    ('dd0e8400-e29b-41d4-a716-446655440002', '100e8400-e29b-41d4-a716-446655440000', '770e8400-e29b-41d4-a716-446655440001', 'PAYMENT_CREATION', 1002, 'COMPLETED', '2024-02-14 14:30:00+00', '2024-02-14 15:00:00+00', 'COMPLETED', 'Payments created successfully', '200e8400-e29b-41d4-a716-446655440000', '2024-02-14 14:30:00+00', '200e8400-e29b-41d4-a716-446655440000', '2024-02-14 15:00:00+00'),
    ('dd0e8400-e29b-41d4-a716-446655440003', '100e8400-e29b-41d4-a716-446655440000', '770e8400-e29b-41d4-a716-446655440003', 'PROPOSAL_GENERATION', 1003, 'COMPLETED', '2024-02-19 08:30:00+00', '2024-02-19 09:00:00+00', 'COMPLETED', 'Proposal generated successfully', '200e8400-e29b-41d4-a716-446655440000', '2024-02-19 08:30:00+00', '200e8400-e29b-41d4-a716-446655440000', '2024-02-19 09:00:00+00'),
    ('dd0e8400-e29b-41d4-a716-446655440004', '100e8400-e29b-41d4-a716-446655440000', '770e8400-e29b-41d4-a716-446655440003', 'PAYMENT_ISSUE', 1004, 'STARTED', '2024-02-19 10:00:00+00', NULL, NULL, NULL, '200e8400-e29b-41d4-a716-446655440000', '2024-02-19 10:00:00+00', '200e8400-e29b-41d4-a716-446655440000', '2024-02-19 10:00:00+00'),
    ('dd0e8400-e29b-41d4-a716-446655440005', '100e8400-e29b-41d4-a716-446655440000', '770e8400-e29b-41d4-a716-446655440002', 'PROPOSAL_GENERATION', 1005, 'FAILED', '2024-02-15 11:30:00+00', '2024-02-15 11:35:00+00', 'FAILED', 'Error: Insufficient funds in bank account', '200e8400-e29b-41d4-a716-446655440000', '2024-02-15 11:30:00+00', '200e8400-e29b-41d4-a716-446655440000', '2024-02-15 11:35:00+00')
ON CONFLICT (id) DO NOTHING;

-- ============================================
-- AP_PAYMENT_RUN_TRANSITION Sample Data
-- ============================================

INSERT INTO ap_payment_run_transition (id, entity_id, payment_run_id, from_status, to_status, event, notes, job_type, job_execution_id, created_by, updated_by, created_at, updated_at)
VALUES 
    ('ee0e8400-e29b-41d4-a716-446655440001', '100e8400-e29b-41d4-a716-446655440000', '770e8400-e29b-41d4-a716-446655440001', 'DRAFT', 'SUBMITTED', 'SUBMIT', 'Payment run submitted for approval', NULL, NULL, '200e8400-e29b-41d4-a716-446655440000', '200e8400-e29b-41d4-a716-446655440000', '2024-02-14 10:00:00+00', '2024-02-14 10:00:00+00'),
    ('ee0e8400-e29b-41d4-a716-446655440002', '100e8400-e29b-41d4-a716-446655440000', '770e8400-e29b-41d4-a716-446655440001', 'SUBMITTED', 'PREPARING', 'PREPARE', 'Starting proposal generation', 'PROPOSAL_GENERATION', 1001, '200e8400-e29b-41d4-a716-446655440000', '200e8400-e29b-41d4-a716-446655440000', '2024-02-14 09:30:00+00', '2024-02-14 09:30:00+00'),
    ('ee0e8400-e29b-41d4-a716-446655440003', '100e8400-e29b-41d4-a716-446655440000', '770e8400-e29b-41d4-a716-446655440001', 'PREPARING', 'PENDING_APPROVAL', 'PROPOSAL_COMPLETE', 'Proposal generation completed', 'PROPOSAL_GENERATION', 1001, '200e8400-e29b-41d4-a716-446655440000', '200e8400-e29b-41d4-a716-446655440000', '2024-02-14 10:00:00+00', '2024-02-14 10:00:00+00'),
    ('ee0e8400-e29b-41d4-a716-446655440004', '100e8400-e29b-41d4-a716-446655440000', '770e8400-e29b-41d4-a716-446655440001', 'PENDING_APPROVAL', 'APPROVED', 'APPROVE', 'Payment run approved by finance manager', NULL, NULL, '200e8400-e29b-41d4-a716-446655440000', '200e8400-e29b-41d4-a716-446655440000', '2024-02-14 14:30:00+00', '2024-02-14 14:30:00+00'),
    ('ee0e8400-e29b-41d4-a716-446655440005', '100e8400-e29b-41d4-a716-446655440000', '770e8400-e29b-41d4-a716-446655440001', 'APPROVED', 'PROCESSING', 'PROCESS', 'Starting payment creation', 'PAYMENT_CREATION', 1002, '200e8400-e29b-41d4-a716-446655440000', '200e8400-e29b-41d4-a716-446655440000', '2024-02-14 14:30:00+00', '2024-02-14 14:30:00+00'),
    ('ee0e8400-e29b-41d4-a716-446655440006', '100e8400-e29b-41d4-a716-446655440000', '770e8400-e29b-41d4-a716-446655440003', 'DRAFT', 'SUBMITTED', 'SUBMIT', 'Payment run submitted', NULL, NULL, '200e8400-e29b-41d4-a716-446655440000', '200e8400-e29b-41d4-a716-446655440000', '2024-02-19 09:00:00+00', '2024-02-19 09:00:00+00'),
    ('ee0e8400-e29b-41d4-a716-446655440007', '100e8400-e29b-41d4-a716-446655440000', '770e8400-e29b-41d4-a716-446655440003', 'SUBMITTED', 'APPROVED', 'APPROVE', 'Approved and processing', NULL, NULL, '200e8400-e29b-41d4-a716-446655440000', '200e8400-e29b-41d4-a716-446655440000', '2024-02-19 10:00:00+00', '2024-02-19 10:00:00+00'),
    ('ee0e8400-e29b-41d4-a716-446655440008', '100e8400-e29b-41d4-a716-446655440000', '770e8400-e29b-41d4-a716-446655440003', 'APPROVED', 'PROCESSING', 'PROCESS', 'Issuing payments', 'PAYMENT_ISSUE', 1004, '200e8400-e29b-41d4-a716-446655440000', '200e8400-e29b-41d4-a716-446655440000', '2024-02-19 10:00:00+00', '2024-02-19 10:00:00+00')
ON CONFLICT (id) DO NOTHING;

-- ============================================
-- END OF FILE
-- ============================================
